0	Date Added
1	31/10/2024 1:48:58 PM
2	31/10/2024 1:49:19 PM
3	31/10/2024 1:49:45 PM
4	31/10/2024 1:50:09 PM
5	7/11/2024 11:37:14 AM
6	7/11/2024 11:38:38 AM
7	7/11/2024 11:39:11 AM
8	7/11/2024 11:39:41 AM
9	14/11/2024 9:29:20 AM
10	14/11/2024 9:29:51 AM
11	14/11/2024 9:30:17 AM
12	20/11/2024 5:02:29 PM
13	20/11/2024 5:02:58 PM
14	20/11/2024 5:03:30 PM
15	20/11/2024 5:04:51 PM
16	20/11/2024 5:05:32 PM
17	27/11/2024 2:01:33 PM
18	27/11/2024 2:01:56 PM
19	27/11/2024 2:02:25 PM
20	27/11/2024 2:02:54 PM
21	5/12/2024 1:31:05 PM
22	5/12/2024 1:31:38 PM
23	5/12/2024 1:32:07 PM
24	5/12/2024 1:32:26 PM
25	5/12/2024 1:32:52 PM
26	5/12/2024 1:34:16 PM
27	11/12/2024 4:42:20 PM
28	11/12/2024 4:42:55 PM
29	11/12/2024 4:43:18 PM
30	11/12/2024 4:43:42 PM
31	18/12/2024 3:54:07 PM
32	18/12/2024 3:54:36 PM
33	18/12/2024 3:55:05 PM
34	18/12/2024 3:55:36 PM
35	18/12/2024 3:56:01 PM
36	9/01/2025 11:01:09 AM
37	9/01/2025 11:01:35 AM
38	9/01/2025 11:01:58 AM
39	15/01/2025 1:34:02 PM
40	15/01/2025 1:34:25 PM
41	15/01/2025 1:35:21 PM
42	15/01/2025 1:35:48 PM
43	15/01/2025 1:36:17 PM
44	15/01/2025 1:36:42 PM
45	21/01/2025 1:50:45 PM
46	21/01/2025 1:51:11 PM
47	21/01/2025 1:52:39 PM
48	21/01/2025 1:53:04 PM
49	24/01/2025 11:52:53 AM
50	24/01/2025 12:08:56 PM
51	24/01/2025 12:10:23 PM
52	28/01/2025 2:35:57 PM
53	4/02/2025 12:43:04 PM
54	4/02/2025 1:22:13 PM
55	4/02/2025 1:22:42 PM
56	7/02/2025 11:42:10 AM
57	7/02/2025 11:43:08 AM
58	9/02/2025 3:29:41 PM
59	11/02/2025 10:57:41 AM
60	11/02/2025 10:58:08 AM
61	18/02/2025 1:25:30 PM
62	18/02/2025 1:26:05 PM
63	18/02/2025 1:26:30 PM
64	18/02/2025 1:26:48 PM
65	18/02/2025 1:27:22 PM
66	23/02/2025 9:17:34 AM
67	25/02/2025 2:04:59 PM
68	25/02/2025 2:05:29 PM
69	25/02/2025 2:05:48 PM
70	25/02/2025 2:06:14 PM
71	25/02/2025 2:06:38 PM
72	4/03/2025 2:53:58 PM
73	4/03/2025 2:55:24 PM
74	4/03/2025 2:55:48 PM
75	4/03/2025 2:56:12 PM
76	4/03/2025 2:56:39 PM
77	4/03/2025 2:56:54 PM
78	7/03/2025 3:47:28 PM
79	7/03/2025 3:48:04 PM
80	7/03/2025 3:48:32 PM
81	7/03/2025 3:49:02 PM
82	13/03/2025 10:54:35 AM
83	13/03/2025 10:55:01 AM
84	13/03/2025 10:55:34 AM
85	17/03/2025 3:43:30 PM
86	17/03/2025 3:43:58 PM
87	17/03/2025 3:44:38 PM
88	20/03/2025 4:14:13 PM
89	21/03/2025 11:17:00 AM
90	25/03/2025 10:16:12 AM
91	25/03/2025 10:16:38 AM
92	25/03/2025 10:17:11 AM
93	25/03/2025 10:17:49 AM
94	28/03/2025 3:36:34 PM
95	1/04/2025 3:24:53 PM
96	1/04/2025 3:26:26 PM
97	7/04/2025 2:45:11 PM
98	7/04/2025 2:45:36 PM
99	7/04/2025 2:45:57 PM
100	7/04/2025 2:46:25 PM
101	11/04/2025 10:03:24 AM
102	15/04/2025 9:40:35 AM
103	15/04/2025 9:41:08 AM
104	15/04/2025 9:41:34 AM
105	19/04/2025 11:54:15 AM
106	22/04/2025 2:36:36 PM
107	22/04/2025 2:37:00 PM
108	22/04/2025 2:37:31 PM
109	22/04/2025 2:37:59 PM
110	28/04/2025 1:09:07 PM
111	28/04/2025 1:09:44 PM
112	28/04/2025 1:10:09 PM
113	28/04/2025 1:10:44 PM
114	1/05/2025 4:58:39 PM
115	8/05/2025 11:04:45 AM
116	8/05/2025 11:05:19 AM
117	8/05/2025 11:05:48 AM
118	8/05/2025 11:22:16 AM
119	8/05/2025 11:23:03 AM
120	11/05/2025 3:43:01 PM
121	13/05/2025 1:53:21 PM
122	13/05/2025 1:53:49 PM
123	16/05/2025 4:48:21 PM
124	19/05/2025 3:37:29 PM
125	19/05/2025 3:38:10 PM
126	19/05/2025 3:38:39 PM
127	19/05/2025 3:39:48 PM
128	23/05/2025 4:09:45 PM
129	26/05/2025 12:30:41 PM
130	26/05/2025 12:31:04 PM
131	26/05/2025 2:46:30 PM
132	26/05/2025 2:46:54 PM
133	30/05/2025 3:30:28 PM
134	3/06/2025 12:36:12 PM
135	3/06/2025 12:36:49 PM
136	8/06/2025 3:02:07 PM
137	8/06/2025 4:12:42 PM
138	12/06/2025 9:55:02 AM
139	12/06/2025 9:55:29 AM
140	13/06/2025 11:46:23 AM
141	16/06/2025 1:43:35 PM
142	16/06/2025 1:43:54 PM
143	17/06/2025 3:06:09 PM
144	20/06/2025 9:43:34 AM
145	20/06/2025 9:44:02 AM
146	23/06/2025 1:34:55 PM
147	23/06/2025 2:55:12 PM
148	23/06/2025 2:56:40 PM
149	23/06/2025 2:57:06 PM
150	27/06/2025 2:47:01 PM
151	27/06/2025 2:49:29 PM
152	30/06/2025 12:02:40 PM
153	1/07/2025 12:43:43 PM
154	4/07/2025 1:06:48 PM
155	7/07/2025 1:19:56 PM
156	7/07/2025 1:20:22 PM
157	8/07/2025 9:49:18 AM
158	14/07/2025 1:53:04 PM
159	14/07/2025 1:53:43 PM
160	14/07/2025 1:54:09 PM
161	14/07/2025 1:54:39 PM
162	14/07/2025 1:55:05 PM
163	18/07/2025 11:37:53 AM
164	18/07/2025 11:38:27 AM
165	18/07/2025 11:38:57 AM
166	21/07/2025 1:51:25 PM
167	24/07/2025 5:45:30 PM
168	29/07/2025 4:40:12 PM
169	31/07/2025 9:26:34 AM
170	31/07/2025 9:28:32 AM
171	31/07/2025 9:28:57 AM
172	31/07/2025 9:30:25 AM
173	31/07/2025 9:30:54 AM
174	3/08/2025 1:55:07 PM
175	5/08/2025 12:44:45 PM
176	5/08/2025 12:45:11 PM
177	5/08/2025 12:45:45 PM
178	10/08/2025 12:17:39 PM
179	10/08/2025 12:18:07 PM
180	10/08/2025 12:18:36 PM
181	10/08/2025 12:29:10 PM
182	12/08/2025 11:57:55 AM
183	12/08/2025 11:58:15 AM
184	18/08/2025 1:36:01 PM
185	19/08/2025 9:09:25 AM
186	19/08/2025 9:09:58 AM
187	20/08/2025 5:27:25 PM
188	22/08/2025 12:11:07 PM
189	25/08/2025 1:39:03 PM
190	25/08/2025 4:37:55 PM
191	26/08/2025 11:14:27 AM
192	1/09/2025 4:19:34 PM
193	1/09/2025 4:20:05 PM
194	5/09/2025 3:23:12 PM
195	9/09/2025 1:35:41 PM
196	9/09/2025 1:36:03 PM
197	9/09/2025 1:36:33 PM
198	9/09/2025 1:38:07 PM
199	9/09/2025 1:38:36 PM
200	12/09/2025 3:12:38 PM
201	12/09/2025 3:14:36 PM
202	16/09/2025 9:45:17 AM
203	16/09/2025 9:45:48 AM
204	16/09/2025 9:46:18 AM
205	Title
206	Sunshine
207	All My Life
208	Be Alright
209	Bruce Wayne
210	The Feeling
211	Push The Tempo
212	Blessed Already
213	Last Summer
214	Needed Me
215	Right Now
216	Craving 4 U
217	Rising Stars
218	No Bad Vibes
219	Need I Say More
220	The One
221	Shine On
222	Diet Pepsi (SOLRWAVE Remix)
223	Birds Of A Feather (Cosmic Dawn Remix)
224	Touching Heaven
225	Don't Hold Back
226	This Rhythm
227	To The End
228	Positions
229	Ocean
230	Take U Home
231	96
232	Push 2 Start
233	Body Talk
234	The Days (NOTION Remix)
235	Walk With Me
236	Now It's Gone
237	This Groove
238	Lose No Sleep (Masterpeace)
239	Next To Me
240	We Are Mirage
241	With You
242	All Good
243	Trouble
244	Location
245	Swim (MK Remix)
246	I'm Ready
247	Let's Whip It
248	Last Night's Mascara (Kito Remix)
249	Dirty Cash (Money Talks)
250	Seasons
251	Focus
252	Angel Of Mine
253	Raving In The Studio
254	Hot And Mysterious
255	Dancer
256	Generation Love
257	Consequences (One Day At A Time)
258	Shaking Things Up
259	Another Life
260	I Just Called Your Ex
261	Arctic
262	MissU2
263	Tell Me
264	Dreamin
265	Tears On My Piano
266	Sports Car
267	Last Night I Dreamt I Fell In Love
268	Self Love
269	Sirens
270	Tell You Straight
271	I Guess We're Not The Same
272	Know You Love Me
273	I'm a Roller
274	Wrap Yourself Around Me
275	Running Around
276	Messy (Jpan Remix)
277	Here In Your Arms
278	Falling Up
279	I Heart You
280	Step Into The Rave
281	Danger Zone
282	The Less I Know The Better
283	Body Language
284	Beautiful People
285	Forest
286	All I Am
287	Area Code
288	Chemicals
289	Back to Life
290	We Stayed Up All Night
291	Levels
292	Out of Body
293	On And On
294	Stay
295	Where I'm From
296	Don't Wake Me Up
297	Butterflies
298	Hold On
299	Sleepyhead 2025
300	Oh My Gosh
301	Light Years
302	One Night Of Love
303	Friday, I'm In Luv
304	If You Want
305	Pool (Gravagerz Remix)
306	All I Know
307	Sound Of You
308	In My Head
309	Alone
310	Forever
311	Modern Life
312	Put It Down
313	R 2 Me
314	Tell Me Where U Go
315	Run It Back
316	Closer To The Floor
317	Nostalgia
318	Come My Way
319	Override
320	The Way I Love You
321	Pipe Down
322	Is It Real
323	It Gets Better (Forever Mix)
324	Won't Be Possible
325	Blessings
326	Think Of Me
327	With A Smile (What So Not And Synergy Remix)
328	Until The Lights Go Out
329	Silence (John Summit Remix)
330	See You In The Afterlife (MPH Remix)
331	Lose Control
332	Push Up
333	People Talk People Sing
334	Friend Of Mine
335	Illegal
336	Clouds And Rain
337	Slow Burner
338	The Longest Road Ahead
339	Yeah Yeah
340	In A Dream
341	Heartstrings
342	Cops And Robbers
343	Don't Care Much (For Dancing)
344	Savana
345	Borderline
346	Nobody Else But U
347	Rewire
348	Don't Worry
349	Is Everybody Having Fun
350	Beside Of Me
351	In The Moment
352	Miracle
353	iPod Touch
354	Old Friend
355	No Broke Boys
356	Wait So Long
357	This Place Is Ours
358	Unforgettable
359	Let's Ride Away (MEDUZA For Tim Edit)
360	Never Wanted It To End
361	Details
362	Mr. Cool
363	Dior
364	I Like
365	Back To Me
366	Blackberries
367	All This Time
368	Wash Over
369	Front 2 Back
370	Walking On A Dream (BLOND:ISH Remix)
371	Yosemite
372	1-800
373	Real Life
374	Eat It Up
375	Make Me Feel
376	White Wine And Adderall
377	Darlin'
378	Born To Fly
379	If U Want My Heart
380	Let It Happen (OMNOM Remix)
381	Little Talks (NEW)
382	Higher Power
383	It's You
384	Running
385	I'm Not Alone (MPH Remix)
386	Waterfalls
387	Can't Love Me
388	No Cap
389	A New Day
390	Melodia
391	Monsoon (NEW)
392	925
393	Break My Fall
394	Desire
395	Hold Me (NEW)
396	High On Me
397	System (NEW)
398	Ocean (NEW)
399	Edge Of Desire (NEW)
400	Magnetic (NEW)
401	Galvanize (Chris Lake Remix) (NEW)
402	Golden (David Guetta REM/X)
403	Boyfriend (NEW)
404	All I Really Want (NEW)
405	Crystallized (NEW)
406	Light That Leads Me (NEW)
407	Unconditional (NEW)
408	Artist
409	Mau P
410	Joel Corry
411	NOTD And INJI
412	Rudimental, 1991, PNAU And AR/CO
413	Sub Focus And Katy B
414	The Blessed Madonna Feat. Ric Wilson And Marbl
415	FAST BOY, Moby And Sophie And The Giants
416	LEZEN
417	Mia Kirkland And Skepsis
418	BL3SS And CamrinWatsin Feat. bbyclose
419	Yes Boone
420	Jazzy And Kilimanjaro
421	Austin Millz Feat. Jozzy
422	Hellcat Speedracer
423	Kaskade, Wilkinson And Paige Cavell
424	Addison Rae
425	Billie Eilish
426	Jazzy And CamrinWatsin
427	Mashd N Kutcher
428	Prospa Feat. RAHH
429	YUSSI
430	Andy C Feat. whoismoli
431	Duke Dumont Feat. Panama
432	FISHER And AR/CO
433	Hitty And Karen Harding
434	Luude, KiLLOWEN And Songer Feat. Shapes And Dada Jones
435	Tyla
436	Alok Feat. Clementine Douglas
437	CHRYSTAL
438	Felix Jaehn And Shouse
439	IN PARALLEL
440	Airwolf Paradise
441	Catching Cairo, Kelvin 373 And Selecta J-Man
442	Don Diablo And MK Feat. Gaby Gerlis
443	Eric Prydz And Empire Of The Sun
444	Sigala And Ely Oaks
445	Catching Cairo And MANIA
446	Jazzy And Jess Bays
447	Zerb And Ty Dolla $ign Feat. Wiz Khalifa
448	Becky Hill
449	Djanaba
450	Emmit Fenn And Dazz Band
451	Griff
452	PAWSA And Adventures of Stevie V
453	Sam Austins
454	John Summit Feat. CLOVES
455	Tobiahs
456	Aitch And Bou
457	Austin Millz And Kah-Lo
458	POOLCLVB Feat. Allday
459	AR/CO, Punctual And NewEra
460	Brad Mullins
461	nimino
462	NOTD Feat. Oaks
463	Mia Kirkland
464	Skepsis And Doktor
465	Harry Hayes And Kelbin
466	Sonny Fodera And Clementine Douglas
467	Dom Dolla Feat. Daya
468	Tate McRae
469	Alok And Kylie Minogue
470	BLOND:ISH
471	Issey Cross
472	jigitz
473	Sammy Virji
474	Riva Starr And Flight Facilities
475	Campbell And Vibe Chemistry
476	D.O.D Feat. North
477	Ely Oaks
478	Lola Young
479	Nathan Dawe And Abi Flynn
480	Anabel Englund And Punctual
481	Confidence Man And Eliza Rose
482	Friction Feat. shadxwgirl
483	Lens And Emily Makis
484	Omar+ And piri
485	David Guetta And Sia
486	Harry Hayes
487	Ninajirachi
488	POOLCLVB And Rromarin
489	A Little Sound, S.P.Y And CMD/CTRL
490	Sigma Feat. Mali-Koa
491	Wilkinson Feat. Julia Church
492	conrad
493	FUZION
494	Netsky And Andromedik
495	Sub Focus And bbyclose
496	FISHER
497	Cassian, Script And Belladonna
498	James Hype
499	Jamie Jones And Green Velvet
500	MPH
501	Passion Pit And Sofi Tukker
502	Bushbaby, Tom Santa and IsGwan Feat. Redders
503	John Summit Feat. Inez
504	Marlon Hoffstadt
505	Alok And Alan Fitzpatrick Feat. bbyclose
506	CASSIMM And Dark Dahlia
507	Kiki Wera
508	Rudimental And Khalid
509	Armin van Buuren And Rob Swire
510	Chris Lake And Amber Mark
511	MPH Feat. Carla Monroe
512	Zulan
513	Angrybaby
514	BL3SS And Tchami
515	Chloe Caillet And Luke Alessi Feat. Jocelyn Brown
516	Dom Dolla And Kid Cudi
517	Clean Bandit, Tiesto And Leony
518	Gorgon City Feat. Caroline Byrne
519	Jazzy And Ankhoi
520	Sammy Virji And Issey Cross
521	Kayps, Jazzy Dale And Calvin Bennett Feat. RISSA
522	A Little Sound
523	Jorja Smith
524	Snakehips And DijahSB
525	Flume And JPEGMAFIA Feat. Ravyn Lenae
526	KETTAMA
527	Tiesto, Odd Mob And Goodboys
528	Calvin Harris Feat. Clementine Douglas
529	Hugel, David Guetta, Kehlani And Daecolm
530	Maiah Manser
531	Axwell Feat. CARMA
532	Delerium Feat. Sarah McLachlan
533	Foster The People
534	Wilkinson, Camo and Krooked And Mefjus Feat. ILIRA
535	Wax Motif And Kyle Watson Feat. Scrufizzer
536	Rihanna
537	PinkPantheress
538	POOLCLVB And BUOY
539	Interplanetary Criminal Feat. Original Koffee
540	Morgan Page And Will Sparks
541	1991, Luciana And David Aude
542	Touch Sensitive
543	Disrupta And goddard. Feat. Charlotte Haining
544	Sammy Virji And Skepta
545	Dave Winnel And Alex Hosking
546	Chris Lake
547	Ely Oaks And Lavinia
548	Snakehips And Louis The Child
549	ShockOne Feat. PENELOPE
550	WILL K
551	John Summit And Gorgon City Feat. rhys from the sticks
552	nimino Feat. Maverick Sabre
553	Paul Marshman Feat. Emily Fox
554	Sub Focus, Culture Shock And Fragma
555	Robin Schulz Feat. CLOVES
556	Disco Lines And Tinashe
557	Swedish House Mafia
558	Alok, Daecolm And Malou
559	Avicii Feat. Elle King
560	FULLCLIP
561	FUZION And Karen Harding
562	Kenya Grace
563	MK Feat. CHRYSTAL
564	nate band
565	Rudimental Feat. Jess Glynne
566	FISHER And bbyclose
567	Sonny Fodera And Jazzy
568	What So Not And Daktyl Feat. RIZ LA VIE
569	Jordan Peak
570	Empire Of The Sun
571	KETTAMA And Interplanetary Criminal
572	bbno$ Feat. Ironmouse
573	Friction
574	Tinie Tempah And Skepsis
575	oskar med k
576	The Chainsmokers Feat. Beau Nox
577	Luude Feat. Sean Paul And Brodie
578	Anabel Englund
579	KETTAMA And DJ HEARTSTRING Feat. KLP
580	Tame Impala
581	Carter Walsh
582	Gryffin, Lavern And AR/CO
583	Ninajirachi And daine
584	Dombresky, CHANEY And KLP
585	Calvin Harris
586	James Hype Feat. Sam Harper And Bobby Harvey
587	[IVY] And A Little Sound
588	Disclosure And Anderson .Paak
589	Sebastian Ingrosso Feat. Celine Dion
590	Argy And MEDUZA Feat. PollyAnna
591	Flume And Emma Louise
592	Sammy Virji, Chris Lake And RoRo
593	Sudley Feat. Alex Hosking
594	Ian Asher And Olly Alexander (Years and Years)
595	Morgan Seatree And Abi Flynn
596	Rossi. And Jazzy
597	Odd Mob And OMNOM: HYPERBEAM
598	Calvin Harris And Jessie Reyez
599	Jonas Blue And Malive
600	Sigma Feat. Julia Church
601	The Chemical Brothers
602	HUNTR/X (KPop Demon Hunters Cast)
603	2charm
604	Netsky And Bebe Rexha
605	NOTION And Nate Sib
606	Spotify Preview Link
607	https://open.spotify.com/track/5T5AS42m32tKpFLfibRSqy?si=685348e3e8314e57
608	https://open.spotify.com/track/3AyUhZkvbQ8ZBSq3hbWrhp?si=49699012902348ad
609	https://open.spotify.com/track/0B1zG7eGUz3Mz1veIZNsJX?si=0357fa76ba0c4d0a
610	https://open.spotify.com/track/2dkUsfpsB0c394cmFe18Ih?si=e4272ba2202a4bcf
611	https://open.spotify.com/track/62Bu8sk1q5ctiIdWdVdYS5?si=55fb478a61214313
612	https://open.spotify.com/track/3P0cwc2OPm7UUkXw9OyCA2?si=3f16de5c84de4cea
613	https://open.spotify.com/track/7zTNR1z2itlpBhNtGKie4L?si=e45d876fee114511
614	https://open.spotify.com/track/426A5YZ4MYygUjoRCmAM4j?si=18e6141ce6f94981
615	https://open.spotify.com/track/2j6CAcq3nUjNCdEAE9xYpZ?si=514862da63784c65
616	https://open.spotify.com/track/0qmp374lHUjRtcyf5eozUB?si=5ff2f5ad35fd4fc5
617	https://open.spotify.com/track/0dgdDB39uUoC8WICmTE2U8?si=1133086b0f0d4679
618	https://open.spotify.com/track/7uMYonMYj4tEejKqnRBqfV?si=6641d98198274e6c
619	https://soundcloud.com/solrwave/addison-rae-diet-pepsi-solrwave-remix?utm_source=clipboard&amp;utm_medium=text&amp;utm_campaign=social_sharing
620	https://open.spotify.com/track/2uhZ1Dzokn0bx7vmFRipCM?si=ddfc9cca352d4888
621	https://open.spotify.com/track/4NtQwxR7o3ixPVKLyOTS66?si=831d95bd5ee14d82
622	https://open.spotify.com/track/2UkRAahf0a1wvwxyfqbcLl?si=70bd210c756f4149
623	https://open.spotify.com/track/1dzT7QlKDdGiF4PMreS2Yc?si=91375b8ae44f4bf4
624	https://open.spotify.com/track/5yNearYRQCrxKZN0yGvZNC?si=18b480c780d44499
625	https://open.spotify.com/track/7yTpwDDa5GTC5JcNpSARMs?si=0e7848a7f6bc438c
626	https://open.spotify.com/track/3Y1BKSRGbdzdHqGaBQOLjt?si=4f3824c597db4e4c
627	https://open.spotify.com/track/4XO2AIJyy8d5DOuVoFtBGE?si=00d081a70d81407c
628	https://open.spotify.com/track/6ozVpMaT25G5u9V9B1R8JL?si=87971c162eaa4e72
629	https://open.spotify.com/track/3IXQx9Pwd2HtMaIecOickQ?si=00be428afa7f43dc
630	https://open.spotify.com/track/492Ms38l1NRyZQgwizSs3i?si=06006511f1b34545
631	https://open.spotify.com/track/1Cbl3Yq8rHo7hhDQmLQagU?si=f990e40aad3949a2
632	https://open.spotify.com/track/7xn2WAbQfGjh8Xjs7zEWGf?si=4b75833295ac45c6
633	https://open.spotify.com/track/2FAZskT9yRjp2Oow9szJD8?si=d8bb6914a1ad4ee0
634	https://open.spotify.com/track/25NtKz5cq30ec81fhDM9rU?si=86f9a95382964d2e
635	https://open.spotify.com/track/5v5yF1qIhHD1ptZoN8dxv7?si=d889d1fa61c44b7d
636	https://open.spotify.com/track/3nu0zz6F1jHFi49hrrGMsL?si=7cfd8a485d3344c0
637	https://open.spotify.com/track/5i4qgjqnx4R8LGCJwNHPOZ?si=a5a57080629c4a97
638	https://open.spotify.com/track/6nEsyBcYBDN9rQ2c9Nh1kO?si=c7a1e88529af490b
639	https://open.spotify.com/track/6mTnH6xSYwKohtsO9RFzcc?si=5800e32611114c8f
640	https://open.spotify.com/track/4WBPFtI9ZNTlLZRXTVySJb?si=0c31081ce6534ba8
641	https://open.spotify.com/track/62FbSkPORxLHtVMMIziCpE?si=cf51343a1a874a60
642	https://open.spotify.com/track/1zMPlSmhX02i5pz8E8OYk5?si=711c7f263c1848fa
643	https://open.spotify.com/track/6Ilomcr9iLplsgAvZjHkJP?si=96d0a844ad8b483d
644	https://open.spotify.com/track/54UwHm1Z6oa4XoEZ45A6WH?si=20489e553a4e4f9c
645	https://open.spotify.com/track/2Ep9UTgFOY4B8EQROru1rt?si=0e446e4166574147
646	https://open.spotify.com/track/7Ba2eY330uMac38EyqsDGr?si=5a8771ecca284d10
647	https://open.spotify.com/track/2qD1IkLXpJwDndJEEc16XN?si=0181ba245116420b
648	https://open.spotify.com/track/2VyvDGdcVY04cNYou9MFVX?si=3fbf6896530c441e
649	https://open.spotify.com/track/0GzqA980TSsNnqKQbIQyHn?si=d8ab23c5ffac4b5c
650	https://open.spotify.com/track/0xaXwvcjq7aAKwMKe22Bw7?si=1c0722e9d2364373
651	https://open.spotify.com/track/1w3wZWzYYDxunHZBmitPpu?si=375d8606cdd14668
652	https://open.spotify.com/track/0PKttmGwwhFkM8ufPksviK?si=0b77d234418d415e
653	https://open.spotify.com/track/0fs75XwQHj1mdIWUhvNohh?si=d1601d0aafff4a63
654	https://open.spotify.com/track/7m9uOEpB5Vo7nFwgwPlBox?si=344a0df66cf14904
655	https://open.spotify.com/track/3e5BNbnIsuGQrAIz0yL5wt?si=f40abc37779b4148
656	https://open.spotify.com/track/0WWOCAXVa0aQWxJUGktFhX?si=732c029fcc9a4d48
657	https://open.spotify.com/track/0FoCv0glfiTP2lmEcdreAu?si=1460a08d513c4cac
658	&lt;iframe width="560" height="315" src="https://www.youtube.com/embed/965n9sMCD-w?si=ivY-UpDAMhJNZVUN" title="YouTube video player" frameborder="0" allow="accelerometer; autoplay; clipboard-write; encrypted-media; gyroscope; picture-in-picture; web-share" referrerpolicy="strict-origin-when-cross-origin" allowfullscreen&gt;&lt;/iframe&gt;
659	&lt;iframe width="560" height="315" src="https://www.youtube.com/embed/YKqbmg6k17w?si=dIAW6Kt2UTP7SOLR" title="YouTube video player" frameborder="0" allow="accelerometer; autoplay; clipboard-write; encrypted-media; gyroscope; picture-in-picture; web-share" referrerpolicy="strict-origin-when-cross-origin" allowfullscreen&gt;&lt;/iframe&gt;
660	https://open.spotify.com/track/6MoSLbeDSUzjbsGcZ2szsV?si=625c2f94316f42cf
661	https://open.spotify.com/track/4tNkhfKqbJSzOTKX6D276Q?si=9e5daddfec764186
662	https://open.spotify.com/track/5sQG8BxOpvjISf0FWOikzQ?si=9239f7502e6d4275
663	https://open.spotify.com/track/114I7yDc6X70Dq8labTqw8?si=b800e3e9b4444813
664	https://open.spotify.com/track/6e2uvfP3pRdxsQLFSnbJPO?si=6390bc9cf1614f94
665	https://open.spotify.com/track/2x43NMw2lZatZ94ljbOJ11?si=1b8782b629384317
666	https://open.spotify.com/track/2zOmS55knKWSgScYPTNmGQ?si=2c32fc2cf5cf4c91
667	https://open.spotify.com/track/6t1pBY6VYjNM9SJEBieyJw?si=e3fa00c3dc3a4e59
668	https://open.spotify.com/track/51t4KpMubQMCQXV8T4lK3F?si=2539564eb197439c
669	https://open.spotify.com/track/0C5yZEXslHsoIQ3BWijgOQ?si=922da3959e3547ad
670	https://open.spotify.com/track/1Cheunopig5ZrxuGe94MtX?si=e5bc2bc6c2b14e4a
671	https://open.spotify.com/track/36nYS9AwMR06ph6imdjn7J?si=c132f28281814719
672	https://open.spotify.com/track/0oqvwC3qajMOavvyyiDrQn?si=633724c45d454dbb
673	https://open.spotify.com/track/7xuqb3kfDqNCCyG0cDlIQt?si=831a32becd304894
674	https://open.spotify.com/track/0lwLSCeMRdrekDhOJk0VvL?si=88b03e8c502540ac
675	https://open.spotify.com/track/7tk7IcfIgPhfGtN5kndtO1?si=e652cf0b9bee46be
676	&lt;iframe width="560" height="315" src="https://www.youtube.com/embed/wQ7LKRoioKg?si=Pm9jD26-SNeoVX8q" title="YouTube video player" frameborder="0" allow="accelerometer; autoplay; clipboard-write; encrypted-media; gyroscope; picture-in-picture; web-share" referrerpolicy="strict-origin-when-cross-origin" allowfullscreen&gt;&lt;/iframe&gt;
677	https://open.spotify.com/track/177kCDBuL5HQwdi6peCaUx?si=df96abec77154ec9
678	https://open.spotify.com/track/7tqt6KxqARVbBRX5dclXo5?si=c17797eef3b34f4c
679	https://open.spotify.com/track/2KulZwrv0Wg8OSiKIfvaMu?si=9967410b5cdd437c
680	https://open.spotify.com/track/02N9lZqNGAXimcros1zSwm?si=c6df1a7b65974a46
681	https://open.spotify.com/track/2CMZuUTbQ6chojKU64Z04Z?si=b899b5dc76274efc
682	https://open.spotify.com/track/7lDGg8CFySbkKUrjgzcLlY?si=821e85ede94a4a59
683	https://open.spotify.com/track/1ac3DHLii728GuifgZRjFh?si=650f7e39e08f4bbb
684	https://open.spotify.com/track/4TwEdnSiTPDR1vg1QZ5K8W?si=e7b6b8a8dd0545d8
685	https://open.spotify.com/track/6BDN2TmqPwbpx64EGjnWgo?si=4c5f087531974d2c
686	https://open.spotify.com/track/3CbF4eluvVhJ9v0axMj2Rk?si=057fad74d2e1415f
687	https://open.spotify.com/track/6LCqdvbj3k6eFoBsYdIUsE?si=8405ccc8443e49be
688	https://open.spotify.com/track/04YHC7lSLrX3Ar1VbcCYIs?si=4d18868be8dc45cf
689	https://open.spotify.com/track/7HePsO8oUHyF3nfkWFVyE4?si=042b60ac19254884
690	https://open.spotify.com/track/5zsfgeZ8D7G6aE0FXF0mAZ?si=8308f571743f4f00
691	https://open.spotify.com/track/7bsV0uvwhPVE40kHlkglpB?si=8a04d9ba79724a71
692	https://open.spotify.com/track/55DwjFdPowTjzvukCzJEho?si=759687041fab4782
693	https://open.spotify.com/track/5IIAVsQXrrXzAzSgMHdDJV?si=2a93047f62884ea6
694	https://open.spotify.com/track/2B0xsnWUjm7cPLs9gGoepp?si=5851112dbe21446c
695	https://open.spotify.com/track/4EyIt50f46KvqdJphEPg8U?si=8721aba1f74848cf
696	https://open.spotify.com/track/0JFNTfRWLqQ09z9ZHldX8d?si=4125cf4378e34b0e
697	https://open.spotify.com/track/3sU1L9okYWbN61oHZNQTfh?si=7cb6878ae80b4b7c
698	https://open.spotify.com/track/0FzltX5P5EcptwLZh85UO1?si=fd51d55328314396
699	https://open.spotify.com/track/6pCrx0kmrXsXlMfKK9KksT?si=7b209757da874382
700	https://open.spotify.com/track/4aSyYc1rWc2KhTknSfpx9H?si=b28c5399252a4980
701	https://open.spotify.com/track/2UsR4KZpVColypYnCCLLpB?si=84e368c04d17428e
702	https://open.spotify.com/track/2wRKES8HKm4EutRHz7JD1x?si=2d3d9c6286464864
703	https://open.spotify.com/track/0yKN9B3jYONUyvqrGkNUPX?si=a05c510ea87b4dcf
704	https://open.spotify.com/track/28x5HxlPwaVrZZH5kgqvtV?si=0c2760e5bec6471c
705	https://open.spotify.com/track/5V9wLycui0YfukF74ll54F?si=0593346312f14146
706	https://open.spotify.com/track/7KhT1uCXFocwzoDXwdNtYO?si=23149c6a307e4817
707	https://open.spotify.com/track/2rgWhlzASxN4MKk7c3RAGP?si=fb4bbc7cbc4e4240
708	https://open.spotify.com/track/4nOwB6BoAJ5YRyxKBu30fD?si=e8a1c533458c41fc
709	https://open.spotify.com/track/4jwKnYysiCv0yfPqFpzMHJ?si=3d359f61aa134eab
710	https://open.spotify.com/track/1RHsONwpXcquKICISbiJxB?si=c210b59f36ec4a15
711	https://open.spotify.com/track/32GOfiLnbER2VOOxJkg29P?si=44995eb653894a67
712	https://open.spotify.com/track/2bicTvHQXudRYQQSQcYRsS?si=6a5c2fddb3de455b
713	https://open.spotify.com/track/2kqKsdnfgTraa9v4adnadN?si=10f88e1d861f4c6c
714	https://open.spotify.com/track/0eFqPUbuiobmOEiotEFxGy?si=95ad4903068b4e3e
715	https://open.spotify.com/track/4fErrQvOX1LPDIPFDFI4eM?si=eb45377061304ca2
716	https://open.spotify.com/track/6azIJHmmNtLgGfAjFV7Aug?si=602593c077e049d0
717	https://open.spotify.com/track/4NuksWELZ9lBY9aazhZG16?si=bdfc5cd76fa941f6
718	https://open.spotify.com/track/2pfX8Wf4Unns6Jt3lThEjk?si=3d515f96c6714b1c
719	https://open.spotify.com/track/4QJlAQMKDP2d3UZjSu5OYu?si=2355537f17f84d93
720	https://open.spotify.com/track/5D5uC8J6xBkGN66eLnqdvG?si=cbce2ea98a314c6d
721	https://open.spotify.com/track/2K3voDI8zQB23hS5ReNyII?si=08381ef0a68b42b5
722	https://open.spotify.com/track/4WFNzYMsKwhCDeI06ZAuCC?si=4845da636a33447d
723	https://open.spotify.com/track/6u1xR1LKAiahXPrwjNCkky?si=d4fe95c2d0d04a3a
724	https://open.spotify.com/track/2HMQKE6g3NRdP7CcJxAA8x?si=953f406f9716455b
725	https://open.spotify.com/track/3tYxKs4D1Xqyt9xR8soVdr?si=659f5fb817a340e9
726	https://open.spotify.com/track/1tloWl8X8O5MOLiOogkdEF?si=628c965a4e164a8a
727	https://open.spotify.com/track/20kaCbdgkJRUPniPVZgsoR?si=dc47f9b104be4aae
728	https://open.spotify.com/track/78nx0HDJIFD5xDq2L5420Z?si=78d2fb5dfe354885
729	https://open.spotify.com/track/3RvkuiK2x5BlSQWYqTYjIS?si=75a1a36ad4bf4b3f
730	https://open.spotify.com/track/3WngjIz8bhUbCIXtNJbX0H?si=b1735cd93e654fbb
731	https://open.spotify.com/track/6xmWDLQBuBjWBc0Ary6wUj?si=500a7f15352d4822
732	https://open.spotify.com/track/2OP7UAuQF1OJbjeYXa5fhm?si=1d3f302da93047f4
733	https://open.spotify.com/track/1NVlb4tRm4uD6xOU3vLcgr?si=c89eda5ee6684ef0
734	https://open.spotify.com/track/1E2Pd8mS4VwaZJHDLPezHf?si=a7bab4549cc44468
735	https://open.spotify.com/track/4PC64vCVcOyxr01wsZ1OFL?si=63158d3e1c19476b
736	https://open.spotify.com/track/1HAflwKirsoDsun2cOIBvx?si=933c0ed30c6c402a
737	https://open.spotify.com/track/0Zdm3D1H3cH51PPZfgERcw?si=7b1244bc3c674785
738	https://open.spotify.com/track/6VP1ZUhFwl6YXrZozui9Qx?si=e5332c777b3b41c6
739	https://open.spotify.com/track/1WmBVbFmLt0w6zPP37TeCG?si=6f8af1ed7ec14861
740	https://open.spotify.com/track/2gfXFD8HYFEgPrqecE7unL?si=c08ade3a8cb94dbf
741	https://open.spotify.com/track/1Siu5Bnrt90vtjUddXeTUg?si=eca4184ebbd649e5
742	https://open.spotify.com/track/1J4UDYnerwvIwe4gTxTToa?si=fe39444f93324916
743	https://open.spotify.com/track/55v3ZvvhF6Y9oOyDC4Oms5?si=f4bd4febd60649de
744	https://open.spotify.com/track/1I7scqBolqekTTHoQ4hniS?si=e1b14eb0490841fa
745	https://open.spotify.com/track/0ykfRQb9qAxg25exPzDx6M?si=0e0bae4f643d42dd
746	https://open.spotify.com/track/5pa2ZyJ3dIEmxRDW74msQi?si=c1c33b7c7fe942a3
747	https://open.spotify.com/track/6KdBXmWiLBuMHzzctzQmXg?si=f51c6ffd1df8430f
748	https://open.spotify.com/track/6Uz2230ZgSmqQli5SMaIZY?si=a818cc11ecd4407e
749	https://open.spotify.com/track/59zH1gO9Ky2xPUEdrUrgcC?si=a35fa30be6a64e33
750	https://open.spotify.com/track/3iagcHosUvxs9876pJwZKI?si=db69e5eea7d0499f
751	https://open.spotify.com/track/5p3gVS2XqtD93F0In8gBmG?si=0aea56f835e64292
752	https://open.spotify.com/track/4JqAfFznhB56Ke004oFZkV?si=24fd05fcac6146aa
753	https://open.spotify.com/track/58JdlahcAaLgM7ftInMf4M?si=74933ba886324628
754	https://open.spotify.com/track/58o0HSUXC0oHTU7UvhyWuI?si=84a84f3ef6814ad6
755	https://open.spotify.com/track/5gBDnIIAMCJ4gJektAdx38?si=57b9bd9d94d745d3
756	https://open.spotify.com/track/7cGXx6FiS6fhp0aIBliXFo?si=7c5ca69fb8424a99
757	https://open.spotify.com/track/3pkXNBtkg8E2xRAKrnu43s?si=d03b750599f349d3
758	https://open.spotify.com/track/0x6lKDXprQv59SDymKMuwi?si=4b9c668adf834440
759	https://open.spotify.com/track/3cZajhyr8LmtPfHZ9296tj?si=2ecb1a3b223b467a
760	https://open.spotify.com/track/1UlkpIKiVchDMB03AN6LmT?si=097c03de224e46b7
761	https://open.spotify.com/track/4m5fy1ZShRdL2XaDVk9J10?si=289dc3221b254899
762	https://open.spotify.com/track/0smB5zD5CJYMtdXvS2qS5A?si=cdcb43d734eb42cc
763	https://open.spotify.com/track/5ajmGn2nwM4hwGcFop92FK?si=7350f458e35643eb
764	https://open.spotify.com/track/2X7ViDHEvPbxytlbwqLpLn?si=5b48b2d42dbc4646
765	https://open.spotify.com/track/6TNYSbsqUL1aj46589pr0p?si=e4bb8e776ca5442a
766	https://open.spotify.com/track/5vRvTccr05SrSnqVvNAmVX?si=fb7c4fda41a34e7f
767	https://open.spotify.com/track/6PTgSuFz9JqQ1o0jTYOuvX?si=a207f5de68084fb7
768	https://open.spotify.com/track/6I96oT2ZcOypVJkmqSujtr?si=355c167dad334fdb
769	https://open.spotify.com/track/493FTCCY5sMAlb10ICFAtJ?si=3f5172ddf1314b5f
770	https://open.spotify.com/track/2os91j4Ef5BaG6sfyBtKhY?si=becc9eb003754983
771	https://open.spotify.com/track/0m00au0MMoII2767mu4sj7?si=986fe49fd0614bfe
772	https://open.spotify.com/track/4WabHy46Xmp6O3kLaCP1dp?si=c213b06cf13f46e6
773	https://open.spotify.com/track/5O3BBu1w4gfT0vsLPN3bfW?si=f4308159152d42d3
774	https://open.spotify.com/track/5oOKU4RiAMyqUoOKICb92j?si=c02c6fb99bb043fd
775	https://open.spotify.com/track/2bsE8sHNGxofmecroJrxsT?si=c7977bdf9b8a4c44
776	https://open.spotify.com/track/6NBZu27n3cxEk4y4c2Kxi8?si=e181c30894f546b7
777	https://open.spotify.com/track/4xf1jBq91E7lGsxxW5j0l1?si=c4649bbbd37b4833
778	https://open.spotify.com/track/0z8oiemLRo51H4L9U3ZhuO?si=8e8686890d004122
779	https://open.spotify.com/track/1GfJCWGLfdev016PSsrUO8?si=b56ea189fd294f15
780	https://open.spotify.com/track/1AApldBkudH6jZAE9ucdUF?si=7b3637670a6a41fd
781	https://open.spotify.com/track/481HO06BUHTaujWTpOyhKA?si=648b0a52c3234ee7
782	https://open.spotify.com/track/3XKuIEGQ1boUlHDdEGopOQ?si=de899c84e3a04c34
783	https://open.spotify.com/track/6xLcLWmWW2Kle7zacIIT5A?si=0f3fd8b6be55407c
784	https://soundcloud.com/omnom/tame-impala-let-it-happen?utm_source=clipboard&amp;utm_medium=text&amp;utm_campaign=social_sharing
785	https://open.spotify.com/track/1j3wX6BsENny2jfTwO2j1x?si=d3d5c35765cc4c31
786	https://open.spotify.com/track/7paRyIC5aRpiiYkiBnT39O?si=fd771a034ec44070
787	https://open.spotify.com/track/6raYznZkOrvB3n7B2Ur3zr?si=24411096094f4e7b
788	https://open.spotify.com/track/6LDuYk31EfbBefaFLzSuLZ?si=0e0577e86d3c4e59
789	https://open.spotify.com/track/1z6pTKnrEpokcfwked9cNx?si=1e27d1a7ba2d4f9a
790	https://open.spotify.com/track/1OcV53oesLQw3VTW9I3uD3?si=9c2f17c49be14851
791	https://open.spotify.com/track/1tALflD6FaMu5fHeIIUHPy?si=599b15ee76cb4d0f
792	https://open.spotify.com/track/6zaeVCwnf3A9S8R7QfDHQW?si=67ca29a79d8e497d
793	https://open.spotify.com/track/0NRIWkmQiSoIaEs3wvoSS7?si=dfb685be423b469f
794	https://open.spotify.com/track/0G6r9pghzSm8gGfgV64pHn?si=eeae3e0a618343e3
795	https://open.spotify.com/track/5pVySA9qkHt5qsh8oVUDma?si=fd670a069a854260
796	https://open.spotify.com/track/5aNcakuYRSAfNFOz8nREvT?si=2b60a9acebba4ebc
797	https://open.spotify.com/track/0TLYpWsoh2KJMvjv18kTNK?si=7776adc4cccd47e5
798	https://open.spotify.com/track/4sMR8fuTzbUyzB0asxifV0?si=d37d2d8f995343f7
799	https://open.spotify.com/track/2uxRNIseE14NHEh38SaEeZ?si=2cad7efd38514481
800	https://open.spotify.com/track/3Z23sDc2J9ZkmFiMStRoIp?si=837fd981d9544c65
801	https://open.spotify.com/track/3CNTUVcErUq0I5lxHXsdpp?si=550956eced53431b
802	https://open.spotify.com/track/3gKRTlHyCDpttUD2FHEE6W?si=b269f626377c4698
803	https://open.spotify.com/track/4A56h4B9xUuMMXoKuj18HT?si=d20563641545428b
804	https://open.spotify.com/track/5pZ7aZnPA582Y4Eh2t0FCU?si=defd47ff00784840
805	https://open.spotify.com/track/7Ki6lQlcAW565EsHfP8U7S?si=2913d399d6814466
806	https://open.spotify.com/track/5tVnzVWIKrmmuOPGbXUbT4?si=b4db6ecd874242ed
807	https://open.spotify.com/track/292KoLS4yud1QuOPNo5pWk?si=34029102796b473e
808	https://open.spotify.com/track/3lLh5lWerYHviy8hSVvtBw?si=03f918b11cf54dd5
809	https://open.spotify.com/track/6YiIWuVXS4AqF1KvUGMwyx?si=7c1a2054e3064e26
810	https://open.spotify.com/track/1tNSYryHAUXKSMqYh1WS5M?si=fde92b0069944eaf
811	https://open.spotify.com/track/36cpvfoFRtt54qelBQ0Qkl?si=e5a66d75a53b46f6
